KARENA,PROBY,19730413,F,Canada
DWAIN,MIRABILE,19801013,M,Canada
THEO,FELICIANO,19900402,F,USA
IVONNE,JANKOFF,19940215,F,USA
HARRY,BENNETH,19870607,M,USA
DOROTHA,SOLOMON,19931001,F,Mexico
WALTON,DEMALLIE,19971026,M,United Kingdom
KIMBRA,SPERRY,19981223,F,Mexico
LYNWOOD,POLLACK,19720521,M,Mexico
ODIS,FEEKES,19850923,M,USA
WALTER,PROTANO,19920225,F,Spain
KRYSTEN,TOBIN,19711008,F,Mexico
STEVE,GLAVE,19860201,M,United Kingdom
MARIA,HARTKOPF,19800310,F,Spain
SHAWANDA,VANALSTYNE,19750512,F,Canada
LELAND,EFLIN,19951127,M,United Kingdom
MONTE,PALLAFOR,19941118,M,USA
TY,FEUCHT,19750818,M,Mexico
HENRY,ELLIOTT,19920318,M,United Kingdom
CLEORA,MULRAIN,19780419,F,USA
ELEONOR,STATER,19790601,F,Canada
CEDRIC,PARIZEK,19891020,M,Canada
ALFONSO,ATTRIDGE,19990626,M,Mexico
BUFFY,DORION,19971112,F,United Kingdom
ANGELES,VANSTEENBERG,19820528,F,USA
EFREN,NEASON,19770426,M,Canada
ELDA,HERRUD,19971218,F,USA
ETSUKO,LASENBY,19780319,F,Canada
PATRICIA,CLAUSE,19800901,F,Canada
SARA,LYNCHARD,19800905,F,Canada
JESUS,DOMINICI,19800808,M,USA
STERLING,NEWENLE,19900123,M,USA
HOLLIS,CAUTHON,19901104,F,United Kingdom
NANCY,SCHLESSELMAN,19960715,F,United Kingdom
JON,TERBUSH,19710117,M,USA
KASHA,SAMANO,19710720,F,Canada
ADOLFO,RADOSLOVICH,20001210,M,USA
CLIFFORD,BENKO,19840316,M,USA
OPAL,STRYJEWSKI,20000716,F,Mexico
LAUREL,TREES,19960508,F,Mexico
GERALDO,ACHENBACH,19960104,M,USA
TRACEY,GULLIKSEN,19970702,F,USA
ROXY,SHAWNEE,19870615,F,Mexico
TERINA,LEFLORE,19830626,F,Spain
BRENTON,WEISENSTEIN,19800313,M,Spain
MITCHEL,BIENVENUE,19870723,M,United Kingdom
EMILIO,BALLATO,19730227,M,USA
HONG,FOISTER,19921115,M,Canada
CHESTER,LISHMAN,19890804,M,Spain
TAWANNA,STIMSON,19720315,F,Spain
JERLENE,IANNONE,19900616,F,Canada
STACY,CIAMPANELLA,19760203,M,United Kingdom
JOSPEH,SOR,19920120,M,Mexico
MITCHELL,BOSWORTH,19981013,M,Canada
HOLLIS,LAGERMAN,19740417,M,Canada
GLEN,CAJIGAS,19761128,M,Canada
WENDELL,KIEKE,19900819,M,USA
CHANTELL,MCCLURKAN,19801012,F,Canada
EVON,NAJARRO,19940312,F,Mexico
JUAN,BENCK,19710818,M,Mexico
GENE,MELLING,19820702,M,Canada
ROSAMOND,SUROWKA,19950509,F,Mexico
JOVITA,PONTREMOLI,19730519,F,USA
CHERRYL,LANDOWSKI,19920622,F,United Kingdom
JOANN,MLYNEK,19950521,F,Spain
EMIL,RANALLO,19910116,M,Spain
MAURICIO,TUOMALA,19871212,M,United Kingdom
JACQUELYN,STOCKHOLM,19741012,F,Canada
FLORENTINA,LILLIAN,19830701,F,Spain
FOREST,BESEMER,19890323,M,Spain
DEANGELO,HYSQUIERDO,19970210,M,Canada
SAMMY,FINDLEY,19840614,F,United Kingdom
MARCELA,STANPHILL,19901026,F,Mexico
CHARLENE,CARPENITO,19860501,F,Spain
CHAS,PRADER,19700608,M,Mexico
SANTIAGO,GUTTIEREZ,20000707,M,Mexico
MAURO,HARAJLY,19810704,M,Mexico
ALETHEA,SUMLER,19761006,F,Canada
ARDEN,HESSMAN,19730106,M,USA
BLAIR,BRIGGMAN,19880525,M,Canada
KATINA,DIGIULIO,19911109,F,Mexico
MIRNA,BELLANTUONO,19941017,F,United Kingdom
EDDY,HARFERT,19910804,M,Mexico
ROSENDO,DOBROWOLSKI,19940321,M,Canada
WERNER,ILLUZZI,19830228,M,Spain
JALISA,BOUTILIER,20001221,F,USA
ULA,FONEY,19970626,F,Canada
ORVILLE,BERNI,19841006,M,United Kingdom
TREENA,DICKENSHEETS,19760219,F,United Kingdom
IVONNE,ANTONELLO,19961005,F,USA
ELEONORE,WEIDA,19821014,F,USA
STUART,SCHARTE,19710807,M,Canada
JACOB,SUMSTAD,19900913,M,Mexico
ALVA,QUARESMA,19781027,F,Canada
ELENE,SPINDLER,19931106,F,Spain
CLEMENTE,VENTRE,19790710,M,Canada
PEARLINE,BARDNEY,19880616,F,Mexico
ROMAN,DELISI,19761205,M,United Kingdom
GARRETT,MILLERBERND,19740725,M,Canada
CHARLEY,BUZZARD,19860313,M,Canada
MICHEL,THROCKMORTON,19830123,M,Canada
MATT,SAMPSEL,19750814,M,Canada
JONATHON,FULVIO,19811119,M,Spain
CHERRY,SHIRAKAWA,19780108,F,Canada
TOD,HEINDL,19740912,M,USA
BORIS,HALBRITTER,19810412,M,Canada
INDIRA,DROCK,19841002,F,Spain
LAKENYA,KOLBY,19760627,F,Canada
LESSIE,BEAKLEY,19910908,F,USA
RAMIRO,BOLINE,19800819,M,Mexico
CARMON,LOGES,19810706,F,United Kingdom
ALISIA,MARCIA,19980507,F,Spain
WILEY,GALENTINE,19900528,M,USA
LISHA,SMYTHE,19750226,F,Canada
LES,LABOR,19910728,M,Canada
EZRA,BOULEY,19781227,M,USA
FATIMAH,NOKE,19880509,F,USA
DARLEEN,HOELZEL,19970405,F,Spain
ROSINA,HEISDORFFER,19960910,F,USA
RAFAEL,BRODSKY,19721026,M,USA
TARYN,PUIATTI,19991102,F,Spain
WILMA,VELEGA,19931217,F,Spain
JODY,DAZEY,19970722,M,USA
TEDDY,BERGET,19830625,M,USA
LEMUEL,NOWOSADKO,19850310,M,USA
DAN,ROBARDS,19700612,F,Canada
GEORGE,HAYWARD,19800925,M,Spain
TYREE,KIEL,19780524,M,Mexico
FREDRICKA,GROSMAN,19730217,F,Spain
CORI,MENNING,19950601,F,United Kingdom
SHERYLL,TEMBY,19920318,F,Canada
HENRY,MALOVICH,19790805,M,United Kingdom
ARLEN,WIGGENS,19790519,M,Mexico
PHYLICIA,URSIAK,19711022,F,Spain
GUADALUPE,PIAN,19990227,M,USA
LARRY,ROMANELLI,19880117,F,Spain
YUKO,SPRIGGLE,19991003,F,USA
ANDRA,DICARO,19850323,F,USA
JIMMY,LINKO,19830705,M,USA
SAMMIE,WHALLEY,19700125,F,USA
MICHALE,QUERCIA,19921003,M,Spain
KIM,SAVIOLA,19800316,F,Spain
JAYSON,TURYBURY,19920811,M,Spain
JOEANN,NIEBEL,19790926,F,USA
REUBEN,POSTEMSKI,19710807,M,Mexico
ARNOLDO,GEFFKEN,19750716,M,Mexico
HORACE,MARRS,19941016,M,Mexico
RUBIN,PRIMER,20000610,M,Spain
MYRLE,MISTRY,19900501,F,Mexico
SOLOMON,BIGLEY,19791228,M,United Kingdom
CHET,WALTERMAN,19730306,M,Mexico
RORY,BATTENFIELD,19760724,M,Spain
LESLIE,KUTCH,19840221,F,United Kingdom
VI,HAZELIP,19880828,F,Mexico
KAILA,PENWELL,19750218,F,United Kingdom
HAROLD,STOCKBRIDGE,19760815,M,USA
MACIE,BESENDORFER,19780219,F,Spain
TERRESA,SIU,19930623,F,Mexico
CLEO,KUBILUS,19770816,M,Spain
DARREN,EVJEN,19780323,M,United Kingdom
RASHAD,THAYN,19860420,M,Spain
GERALD,GARRIGUS,19900113,M,USA
SAUL,FRANCO,19800506,M,Mexico
NICOLE,MAINELLO,19730701,F,United Kingdom
MERRY,HENSLER,19990606,F,Spain
SHELDON,SECKINGTON,19841223,M,Canada
KIM,KOEPPE,19980517,M,Spain
OLA,RETZLER,19841015,F,Spain
MARC,LEVAY,19760313,M,Mexico
DELOIS,SPANGENBERG,19980527,F,Canada
JEANNINE,SIAPERAS,19740328,F,Canada
CHAS,JENKENS,19810810,M,Spain
GARLAND,ALMOS,19811108,M,United Kingdom
OTELIA,GLOVER,19860714,F,Mexico
SHONDA,MAGID,19950215,F,Canada
ADRIEN,OATMAN,19801008,F,Canada
EVELIN,MCCAGUE,19761025,F,USA
HELAINE,CAVIN,19760520,F,Canada
JARRETT,FEW,19960706,M,Spain
JEFFEREY,PENN,19960911,M,Canada
THANH,BUFTON,19850422,M,United Kingdom
JOESPH,HOSFELD,19850628,M,United Kingdom
MARCOS,SCONCE,19890522,M,Mexico
STEPHAINE,AGUAS,19700202,F,Mexico
JORDON,KINCHEN,19740201,M,USA
NATALYA,GAVEL,19911116,F,Canada
PAIGE,MCKILLIPS,19870319,F,Mexico
WILEY,ANCEL,19910924,M,Mexico
JEANETTA,EHMANN,19980402,F,Mexico
ELVIN,CURINGTON,19880403,M,Mexico
HILDEGARD,MOTTEN,19941124,F,Canada
GRANT,ZIMBA,19981107,M,USA
NICOLA,HITCHENS,19741011,F,Mexico
NATHAN,SWEHLA,19771119,M,USA
XOCHITL,MOOREHOUSE,19760207,F,Spain
HAYDEN,RAKESTROW,19900517,M,Mexico
VERLENE,DEWATER,19790621,F,Spain
ASUNCION,WEYMAN,19720927,F,Canada
DWAIN,AURELIA,19990305,M,United Kingdom
TRUDI,TALLARICO,19780424,F,Canada
